﻿Designator,Footprint,Quantity,Value,LCSC Part #
C1,0402,1,10nF,
"C10, C11, C12, C13, C16, C17, C19, C20, C21, C22, C23, C24, C25, C27, C29, C34, C35, C38, C39, C4, C40, C41, C42, C43, C44, C45, C46, C47, C48, C5, C51, C6, C8, C9",0402,34,100nF,
"C14, C15",0402,2,10pF,
C18,CP_EIA-3216-18_Kemet-A_Pad1.58x1.35mm_HandSolder,1,10uF Tantalum,
"C2, C7",CP_Elec_6.3x7.7,2,RVT1E101M0607 100uF,
"C26, C28",0402,2,2.2uF,
C3,CP_Elec_10x10.5,1,RVT1V471M1010 470uF,
"C30, C31, C32, C33, C36, C37",0603,6,? F,
"C49, C50, C52, C53",0603,4,1uF 35V,
D1,D_SOD-123,1,SOD123-5V,
D2,D_SMA,1,SS34,
D3,0603,1,LED_GREEN,
D4,0603,1,LED_RED,
D5,0603,1,YELLOW,
D6,0603,1,BLUE,
D7,0603,1,WHITE,
D8,0603,1,ORGRANGE,
F1,1812,1,30V 200mA,
F2,1812,1,15V 500mA,
FB1,0603,1,120Ω@100MHz,
J1,KF142R5082P,1,24V DOMINO,
"J10, J19, J6",JST_XH_B6B-XH-A_1x06_P2.50mm_Vertical,3,Conn_01x06_Socket,
J11,PinHeader_1x02_P2.54mm_Vertical,1,Conn_01x02_Pin,
"J12, J14",PinHeader_1x03_P2.54mm_Vertical,2,Conn_01x03_Pin,
"J13, J16, J17, J18, J20, J22, J7, J8",JST_XH_B4B-XH-A_1x04_P2.50mm_Vertical,8,Conn_01x04_Socket,
J15,USB_Micro-B_Wuerth_629105150521,1,USB_B_Micro,
J2,PinHeader_1x02_P2.54mm_Vertical,1,5V_CONNECTOR,
"J21, J23",JST_XH_B3B-XH-A_1x03_P2.50mm_Vertical,2,Conn_01x03_Socket,
J3,PinHeader_1x02_P2.54mm_Vertical,1,3.3V_CONNECTOR,
J4,PinHeader_1x02_P2.54mm_Vertical,1,MCU_3.3_CONN,
J5,PinHeader_1x03_P2.54mm_Vertical,1,BOOT CONN,
J9,JST_XH_B5B-XH-A_1x05_P2.50mm_Vertical,1,Conn_01x05_Socket,
L1,L_12x12mm_H8mm,1,100uH,
"Q1, Q2",SOT-23,2,AO3401A,
"R1, R10, R11, R13, R14, R15, R16, R17, R18, R23, R24, R6, R7, R8, R9",0402,15,10K 0402,
R12,0402,1,100 0402,
"R19, R20, R21, R22",0402,4,10k,
R2,0402,1,1K 0402,
"R25, R26",0402,2,4.7K,
R27,0603,1,0 ohm 0603,
R28,0603,1,10K 0603,
"R29, R30, R31, R32",0402,4,560,
R3,0805,1,4k7 0805,
R33,0603,1,2.2K 0603,
R4,0402,1,3.3K 0402,
R5,0402,1,510 0402,
SW1,SW_PUSH_6mm,1,BUTTON1,
SW2,SW_PUSH_6mm,1,RESET_SW,
SW3,SW_PUSH_6mm,1,BUTTON2,
TP1,TestPoint_Pad_2.0x2.0mm,1,5V TestPoint,
TP2,TestPoint_Pad_2.0x2.0mm,1,3.3V TestPoint,
TP3,TestPoint_Pad_2.0x2.0mm,1,USB PW TestPoint,
TP4,TestPoint_Pad_2.0x2.0mm,1,PWRSIG_TP,
TP5,TestPoint_Pad_2.0x2.0mm,1,PWRCTR_TP,
U1,TI_SO-PowerPAD-8_ThermalVias,1,TPS5430DDA,
U10,TSSOP-16_4.4x5mm_P0.65mm,1,MAX3232IPW,
U2,SOT-223-3_TabPin2,1,AMS1117S-3.3,
"U3, U5",SOIC-14_3.9x8.7mm_P1.27mm,2,74HC14D,
U4,LQFP-64_10x10mm_P0.5mm,1,STM32F405RGTx,
U6,SSOP-20_5.3x7.2mm_P0.65mm,1,SN74HCT245DBR,
U7,SOT-23-6,1,USBLC6-2SC6,
U8,SOIC-8_3.9x4.9mm_P1.27mm,1,AT24C256C,
U9,SOIC-8_3.9x4.9mm_P1.27mm,1,LM358,
Y1,Crystal_SMD_3225-4Pin_3.2x2.5mm,1,X322516MLB4SI-16MHz,
